Review	Liked
wow     love place	1
crust good	0
tasty texture nasty	0
stop late bank holiday rick steve recommendation love	1
selection menu great price	1
I angry I want damn pho	0
honeslty didn t taste fresh  	0
potato like rubber tell ahead time warm	0
fry great	1
great touch	1
service prompt	1
cashier care I end wayyy overpriced	0
I try cape cod ravoli   chicken   cranberry    mmmm	1
I disgusted I pretty sure human hair	0
I shock sign indicate cash	0
highly recommend	1
waitress little slow service	0
place worth time   let vegas	0
like	0
burritto blah	0
food   amazing	1
service cute	1
I care     interior beautiful	1
perform	1
s right     red velvet cake      ohhh stuff good	1
   bring salad ask	0
hole wall great mexican street tacos   friendly staff	1
hour food 4 table restaurant food luke warm   sever run like totally overwhelmed	0
bad salmon sashimi	0
combo like burger   fry   beer 23 decent deal	1
like final blow	0
I find place accident I happy	1
like good quick place grab bite familiar pub food   favor look	0
overall   I like place lot	1
redeem quality restaurant inexpensive	1
ample portion good price	1
poor service   waiter I feel like I stupid time come table	0
visit hiro delight	1
service suck	0
shrimp tender moist	1
deal good drag I establishment	0
hard judge good gross melt styrofoam didn t want eat fear sick	0
positive note   server attentive provide great service	1
frozen puck disgust   bad people register	0
thing I like prime rib dessert section	1
s bad food damn generic	0
burger good beef   cook right	1
want sandwich firehouse     	1
greek salad greek dressing tasty   pita hummus refreshing	1
order duck rare pink tender inside nice char outside	1
come run realize husband leave sunglass table	1
chow mein good	1
horrible attitude customer   talk customer don t enjoy food	0
portion huge	1
love    friendly server   great food   wonderful imaginative menu	1
heart attack grill downtown vegas absolutely flat line excuse restaurant	0
seafood like 5 string pasta	0
salad right sauce power scallop   perfectly cook	1
rip banana rip   petrified tasteless	0
think refill water I struggle wave 10 minute	0
place receive star appetizer   	1
cocktail handmade delicious	1
d definitely	1
glad find place	1
great food service   huge portion military discount	1
great time gringo	1
update      second time amazing	1
food apparently hear salt batter fish chewy	0
great way finish great	1
deal include 5 tasting 2 drink   jeff expect	1
     good rice   time	1
service meh	0
30 min milkshake   chocolate milk	0
I guess I know place suck   inside excalibur   I didn t use common sense	0
scallop dish appalling value	0
2 time    bad customer service  	0
sweet potato fry good season	1
today second time I ve lunch buffet pretty good	1
good food vegas I feel cheat waste eat opportunity rice company	0
come like experience underwhelming relationship party t wait person ask break	0
walk place smell like old grease trap 2 eat	0
turkey roast beef bland	0
place	1
pan cake rave taste like sugary disaster tailor palate year old	0
I love pho spring roll oh yummy try	1
poor batter meat ratio chicken tender unsatisfye	0
I food amazing   	1
omelet die	1
fresh delicious	1
summary   largely disappointing dining experience	0
s like sexy party mouth   outrageously flirt hot person party	1
hard rock casino   step forward	0
good breakfast buffet   	1
bye bye tip lady	0
ll	0
food arrive quickly	1
good	0
  cafe serve good food	1
server fantastic find wife love roasted garlic bone marrow   add extra meal marrow	1
good thing waiter   helpful bloddy mary s come	1
good buffet town   price beat	1
I love mussel cook wine reduction   duck tender   potato dish delicious	1
buffet I	1
tigerlilly fantastic afternoon	1
food delicious   bartender attentive personable great deal	1
ambience wonderful music play	1
trip	1
sooooo good  	1
real sushi lovers   let s honest    yama good	0
40min pass order food arrive   wasn t busy	0
fantastic thai restaurant definitely worth visit	1
nice   spicy tender	1
good price	1
check	1
pretty gross	0
I ve atmosphere	0
kind hard mess steak	0
I like look sound place   actual experience bit disappointing	0
I don t know place manage serve blandest food I eat prepare indian cuisine	0
bad service boot   worry	0
service fine waitress friendly	1
guy steak   steak love son steak good bad place good steak s eat	1
think d venture far away good sushi   place hit spot night	1
host staff   lack word   bitch	0
bland     like place number reason I don t want waste time bad review    I ll leave   	0
phenomenal food   service ambiance	1
I wouldn t return	0
definitely worth venture strip pork belly   return time I m vegas	1
place way overpriced mediocre food	0
penne vodka excellent	1
good selection food include massive meatloaf sandwich   crispy chicken wrap   delish tuna melt tasty burger	1
management rude	0
delicious nyc bagel   good selection cream cheese   real lox caper	1
great subway   fact s good come subway meet expectation	1
I seriously solid breakfast	1
good bar food vegas	1
extremely rude   restaurant I love dine weekend vegas	0
drink great menu suggestion	1
don t    	0
waiter wasn t helpful friendly rarely check	0
husband I eat lunch disappointed food service	0
red curry bamboo shoot wasn t tasty I	0
nice blanket moz I feel like cover subpar food	1
bathroom clean place decorate	1
menu change   food quality    service extremely slow	0
service little slow    consider serve 3 people server food come slow pace	0
I 2 thumb	0
watch waiter pay lot attention table ignore	0
fianc   I come middle day greet seat right away	1
great restaurant mandalay bay	1
wait minute vain	0
crostini come salad stale	0
highlight    great quality nigiri	1
staff friendly joint clean	1
different cut piece day wonderful tender s flavor	1
I order voodoo pasta time I d excellent pasta going gluten free year ago	1
place good	1
unfortunately   hit bakery leftover day order stale	0
I come today relocate impress	0
I seat immediately	1
menu diverse   reasonably price	1
avoid cost	0
restaurant wait	1
delicious  	1
place hand good place eat phoenix metro area	1
don t look good food   	0
I ve treat bad	0
bacon hella salty	1
order spinach avocado salad   ingredient sad dressing literally zero taste	0
vegas fine dining use   right menu hand lady price list	1
waitress friendly	1
lordy   khao soi dish miss curry lover	1
menu terrific thrill amazing accommodation vegetarian daughter	1
I catch night judge review   I m inspire	0
service leave lot desire	0
atmosphere modern hip   maintain touch coziness	1
weekly haunt   definitely place come	1
literally sit 20 minute ask order	0
burger absolutely flavor    meat totally bland   burger overcooked charcoal flavor	0
I decide send waitress look like verge heart attack	0
I dress treat rudely	0
probably dirt	0
love place   hit spot I want healthy lack quantity flavor	1
I order lemon raspberry ice cocktail incredible	1
food suck   expect suck imagine	0
interesting decor	1
I like crepe station	1
serve hot bread butter   home potato chip bacon bit     original good	1
watch prepare delicious food  	1
egg roll fantastic	1
order arrive   gyro miss	0
I salad wing   ice cream dessert leave feel satisfied	1
I m sure joey s vote good hot dog valley reader phoenix magazine	0
good place tasty bowl pho	1
live music friday totally blow	0
I ve insulted felt disrespect	0
friendly staff	1
worth drive	1
I hear good thing place   exceed hope I dream	1
food great serivce	1
warm beer didn t help	0
great brunch spot	1
service friendly invite	1
good lunch spot	1
I ve live 1979     time I ve step foot place	0
bad experience	0
night place	0
delish    mixed mushroom   yukon gold puree   white corn    beateous	1
bug I 4 sure   wall bug climb kitchen	0
10 minute   wait salad realize wasn t come time soon	0
friend love salmon tartar	1
won t	0
extremely tasty	1
waitress good	1
soggy good	0
jamaican mojito delicious	1
small worth price	0
   food rich order accordingly	1
shower area outside rinse   shower   don t mind nude	0
service bit lack	0
lobster bisque   bussell sprout   risotto   filet need salt pepper   course table	0
hopefully bode business cook come	0
cold   flavor bad	0
I love bacon wrap date	1
unbelievable bargain	1
folk otto feel welcome special	1
  main    uninspired	0
place I pho amazing  	1
wonderful experience place stop town	1
food isn t bad   enjoy deal world s worst annoying drunk people	0
fun chef	1
order double cheeseburger    single patty fall apart   picture upload   yeah   suck	0
great place couple drink watch sport event wall cover tv s	1
possible zero star   d	0
description   yum yum sauce     eel sauce      spicy mayo     roll sauce	0
I d hard decision     honestly   m s dish taste suppose taste   amazing  	1
roll eye stay     sure try	0
attentive   provide excellent customer service	1
horrible    don t waste time money	0
dish flavourful	1
time restaurant excuse	0
  wasn t busy     building freeze cold	0
like reviewer   couldn t pay I eat place  	0
  drink close 30 minute come point	0
seriously flavorful delight   folk	1
ayce sushi place I vegas	1
lighting dark set mood	1
base sub par service I receive effort gratitude business I won t	0
owner s great people  	1
privileged work eat	0
greek dressing creamy flavorful	1
overall   I don t think I parent place similar complaint I silently feel	0
pizza good peanut sauce tasty	1
7 table service pretty fast	1
fantastic service	1
I ve godfather zero star possible	0
know	1
tough short flavor	0
I hope place stick	1
I bar vegas   recall charge tap water	0
restaurant atmosphere exquisite	1
good service   clean   inexpensive   boot	1
seafood fresh generous portion	1
plus   s 8 buck	1
service par  	0
far   visit twice food absolutely delicious time	1
good I year ago	1
self proclaim coffee cafe   I wildly disappointed	0
veggitarian platter world	1
wrong food	1
t beat	1
stop place madison ironman   friendly   kind staff	1
chef friendly good job	1
I ve   dedicated boba tea spot   jenni pho	0
I like patio service outstanding	1
goat taco didn t skimp meat wow flavor	1
I think	0
I mac salad pretty bland I	0
I bachi burger friend s recommendation disappoint	1
service stink	0
I wait wait	0
place quality sushi   quality restaurant	0
I definitely recommend wing pizza	1
great pizza salad	1
thing wrong     burn saganaki	0
wait hour breakfast I 100 time home	0
place amazing	1
I hate disagree fellow yelper   husband I disappointed place	0
wait 2 hour    pizza come later	0
don t know slow	0
staff great   food delish   incredible beer selection	1
I live neighborhood I disappoint I win t   convenient location	0
I didn t know pull pork soooo delicious	1
incredibly fresh fish   prepare care	1
I I 1 star rating know time eat bachi burger write review	0
I love fact menu worth	1
I dine place	0
food excellent service good	1
good beer    drink selection good food selection	1
stay away shrimp stir fried noodle	0
potato chip order sad     I probably count chip box probably 12	0
food bore	0
good service check	1
greedy corporation dime I	0
I d like   I t pass atrocious service return	0
summer   dine charming outdoor patio    delightful	1
I expect good	1
fantastic food	1
order toasted english muffin come untoasted	0
food good	1
great food price   high quality house	1
bus boy hand rude	0
point   friend I basically figure place joke didn t mind publicly loudly know	0
good bbq   light fare   reasonable pricing tell public old way	1
consider leave happy   20   t wrong	1
bread house	1
downside service	0
  fry doubt bad fry I ve	0
service exceptional food good review	1
couple month later   I return amazing meal	1
favorite place town shawarrrrrrma      	1
black eyed pea sweet potato     unreal	1
win t disappoint	1
serve vinaigrette overall dish   good	1
I far place I ve restaurant serve 1 egg breakfast   especially   4 00	0
mom I home immediately sick bite salad	0
server pleasant deal don t honor pizza hut coupon	0
truly unbelievably good   I glad	1
fantastic service   pleased atmosphere	1
gross	0
I love place	1
great service food	1
   bathroom location dirty   seat cover replenish    plain yucky   	0
burger     I   gold standard     17 burger kind disappointed	0
omg   food delicioso	1
authentic place	0
spaghetti special whatsoever	0
dish   salmon good   great	1
vegetable fresh sauce feel like authentic thai	1
s worth drive tucson	1
selection probably bad I ve vegas     	0
pretty good beer selection	1
place like chipotle  	1
classy warm atmosphere   fun fresh appetizer   succulent steak   baseball steak     	1
5 star brick oven bread app	1
I eat multiple time   time food delicious	1
sit minute finally leave	0
terrible	0
treat equally special	1
shouldn t 30 min pancake egg	0
delicious   	1
good   staff genuinely pleasant enthusiastic    real treat	1
sadly   gordon ramsey s steak place shall sharply avoid trip vegas	0
evening wonderful food delicious	1
good fish I ve life	1
  bathroom door nice  	1
buffet small food offer bland	0
outstanding little restaurant good food I taste	1
pretty cool I	1
definitely turn I    I doubt I ll buy	0
server great job handle large rowdy table	1
I find waste food despicable   wasn t food	0
wife lobster bisque soup lukewarm	0
come I sushi craving vegas	1
staff great   ambiance great	1
deserve 5 star	1
I leave stomach ache feel sick rest day	0
drop ball	0
dining space tiny   elegantly decorate comfortable	1
customize order way d like   usual eggplant green bean stir fry   love	1
bean rice mediocre good	0
good taco town far  	1
I money outta	0
interesting town   place amazing	1
rude    inconsiderate management	0
staff friendly   wait time serve horrible   hi 10 minute	0
I win t	0
great dinner	1
service outshine    I definitely recommend halibut	1
food terrible	0
tell people happen	0
I don t recommend car break starve	0
I come time I m vegas	1
place deserve star 90   food	0
disgrace	0
def come bowl time	1
want healthy authentic ethic food   try place	1
I continue come lady night andddd date night      highly recommend place area	1
I time past   experience great	1
walk away stuff happy vegas buffet experience	1
service excellent price pretty reasonable consider vegas locate inside crystal shopping mall aria	1
summarize     food incredible   nay   transcendant     bring I joy like memory pneumatic condiment dispenser	1
I m probably people ians like	0
kid pizza hit lot great dish option kiddo	1
service perfect family atmosphere nice	1
cook perfection service impeccable	1
simply disappointment	0
overall   I disappointed quality food bouchon	0
I don t accountant know I m getting screw	0
great place eat   remind I little mom pop shop san francisco bay area	1
today taste buldogis gourmet hot dog I tell I think possible	1
leave frustrated	0
I ll definitely soon	1
food good I petty fast	1
service fantastic	1
total waste time	0
I don t know kind iced tea	1
come hungry   leave happy stuff	1
service   I star	0
I assure win t disappoint	1
I little bad service food suck	0
try eat crust   tooth sore  	0
I completely gross	0
I enjoy eat	1
time I think I quickly regular	1
server nice   look little overwhelmed need   stay professional friendly end	1
dinner companion tell I    fresh nice texture taste	1
ground   right table large   smeared   step track pile green bird poop	0
furthermore   t find hour operation website	0
ve try like place 10   time I think	0
mistake	0
complaint	1
seriously good pizza I m expert connisseur topic	1
waiter jerk	0
strike 2   want rush	0
nice restaurant owner I ve come	1
I come	0
love biscuit   	1
service quick friendly	1
order appetizer 40 minute pizza 10 minute	0
absolutley fantastic	1
huge awkward 1 5 lb piece cow 3 4th gristle fat	0
definitely come	1
I like steiner s dark feel like bar	1
wow spicy delicious	1
familiar   check	1
I ll business dinner dollar	0
I d love	1
  fs restaurant wonderful breakfast lunch	1
special	0
day week different deal s delicious	1
mention combination pear   almond bacon big winner	1
sauce tasteless	0
food delicious spicy   sure ask spicy prefer way	1
ribeye steak cook perfectly great mesquite flavor	1
I don t think ll anytime soon	0
food gooodd	1
I far sushi connoisseur I definitely tell difference good food bad food certainly bad food	0
I insulted	0
3 time I lunch bad	0
chicken wing contain dry chicken meat I eat	0
food good I enjoy mouthful   enjoyable relaxed venue couple small family group etc	1
nargile    I think great	1
good tater tot southwest	1
love place	1
definitely worth   3 I pay	0
vanilla ice cream creamy smooth profiterole   choux   pastry fresh	1
I m az time new spot	1
manager bad	0
inside nice clean	1
food outstanding price reasonable	1
I don t think I ll run carly s anytime soon food	0
fact 20 minute acknowledge   35 minute food    forget thing	0
love margaritas  	1
vegas buffet disappoint	1
good  	1
note ventilation use upgrading	0
great pork sandwich	1
don t waste time	0
total letdown   I camelback flower shop cartel coffee	0
  cheese friend s burger cold	0
enjoy pizza brunch	1
steak trim perfectly cook	1
group 70   claim 40 handle beautifully	1
I love	1
ask bill leave eat didn t bring	0
place jewel las vegas   exactly I ve hope find nearly year live	1
seafood limit boil shrimp crab leg crab leg definitely taste fresh	0
selection food good	0
delicious I absolutely	1
isn t small family restaurant   fine dining establishment	1
toro tartare cavier extraordinary I like thinly slice wagyu white truffle	1
I think I long time	0
attach gas station   rarely good sign	0
awesome	1
I time soon	1
menu good stuff I decide	1
bad   humiliate worker right I   bunch horrible calling	0
conclusion   fill meal	1
daily special hit group	1
tragedy strike	0
pancake good pretty large	1
crawfish experience   delicious	1
monster chicken fry steak egg time favorite	1
waitress sweet funny	1
I taste mom s multi grain pumpkin pancake pecan butter amazing   fluffy   delicious	1
I d eat airline food   seriously	0
good thing place	1
ambiance incredible	1
waitress manager friendly	1
I recommend place	0
overall I wasn t impressed noca	0
gyro basically lettuce	0
terrible service	0
thoroughly disappointed	0
I don t pasta   I love homemade   hand pasta thin pizza	1
try   happy	1
far good cheesecurd	1
reasonably price	1
perfect night	1
food good typical bar food	1
drive	0
glance lovely bakery cafe    nice ambiance   clean   friendly staff	1
  I think I	0
point finger item menu   order win t disappoint	1
oh thing beauty   restaurant	1
haven t	1
greasy   unhealthy meal	0
time	0
burger amazing	1
similarly   delivery man word apology food 45 minute late	0
way expensive	0
sure order dessert   need pack    tiramisu cannoli die	1
time I t wait	1
bartender nice	1
good tasty	1
place thumb     way	1
good place vegas breakfast   check sat   sun	1
love authentic mexican food want bunch interesting   delicious meat choose   need try place	1
terrible management	0
excellent new restaurant experienced frenchman	1
zero star I zero star	0
great steak   great   great wine   amazing dessert	1
bad martini	0
steak shrimp opinion good entree gc	1
I opportunity today sample amazing pizza	1
wait thirty minute seat   8 vacant table folk wait  	0
yellowtail carpaccio melt mouth fresh	1
I win t try s	0
  I m eat potato I find stranger hair	0
spicy    perfect actually	1
night second time dining I happy I decide	1
  hello   right  	0
dessert bit strange	0
boyfriend I come time recent trip vegas pleased quality food service	1
I recommend place   wrong donut place	1
nice ambiance	1
I recommend saving room	1
I guess maybe night disgraceful	0
  recent experience particular location good	0
I know like restaurant  	0
avoid establishment	0
I think restaurant suffer try hard	0
tapa dish delicious	1
I   heart   place	1
salad bland vinegrette baby green heart palm	0
I feel disgusting	0
good time	1
I believe place great stop huge belly hanker sushi	1
generous portion great taste	1
I place recommend place	0
server forth time     help  	0
food delicious	1
hour     seriously	0
I consider theft	0
eew     location need complete overhaul	0
recently witness poor quality management guest	0
wait wait wait	0
come check regularly   excellent service	1
server super nice check time	1
pizza taste old   super chewy good way	0
I swing try deeply disappointed	0
service good company	1
staff friendly efficient	1
service   I m fan   s quick serve nice folk	1
boy sucker dry   	0
rate	0
look authentic thai food  	0
steak 100   recommend	1
I pull car I wait 15 minute acknowledge	0
great food great service clean friendly setting	1
  I assure I ll	1
I hate thing cheap quality black olive	0
breakfast perpare great   beautiful presentation 3 giant slice toast   lightly dust powdered sugar	1
kid play area nasty	0
great place fo eat	1
waitress friendly happy accomodate vegan veggie option	1
omg I feel like I eat thai food dish	1
extremely   crumby   pretty tasteless	0
pale color instead nice char flavor	0
crouton taste homemade extra plus	1
I home dry damn wing	0
ll regular stop trip phoenix	1
I enjoy crema caf   expand   I tell friend good breakfast	1
good money	0
I miss wish philadelphia	1
got sit fairly fast     end wait 40 minute place order   30 minute food arrive	0
good cheese crisp town	1
good value   great food   great service	1
couldn t ask satisfying meal	1
food good	1
awesome	1
I want leave	0
drive way north scottsdale     I bit disappointed	1
I eat	0
      owner need quit soooooo cheap let wrap freaking sandwich paper	0
I check place couple year ago impressed	0
chicken I definitely reheat ok   wedge cold soggy	0
sorry   I food anytime soon   	0
absolute visit	1
cow tongue cheek taco amazing	1
friend like bloody mary	0
despite hard I rate business   actually rare I 1 star	0
want experience good	1
I return	0
I chicken pho taste bland	0
disappointing   	0
grill chicken tender yellow saffron seasoning	1
drive mean want wait half hour food   end wait wait	0
pretty awesome place	1
ambience perfect	1
good luck rude non customer service focus new management	0
grandmother roasted chicken	0
I ask multiple time wine list time ignore I hostess	0
staff super friendly helpful   especially cool bring small boy baby	1
star food    guy blue shirt great vibe    let eat  	1
roast beef sandwich taste good	1
evening   I drastically sick	0
high quality chicken chicken caesar salad	1
order burger rare come ll	0
promptly greet seat	1
try lunch madhouse	0
I prove dead wrong sushi bar   quality great   service fast food   impeccable	1
wait hour seat   I great mood	0
good joint	1
macaron insanely good	1
I m eat	0
waiter attentive   friendly   informative	1
maybe weren t cold somewhat edible	0
place lot promise fail deliver	0
bad experience	0
mistake	0
food average good	0
great food	1
won t anytime soon	0
disappointed order   35 big bay plater	0
great place relax awesome burger beer	1
perfect sit family meal friend	1
flavor   poorly construct	0
patio seating comfortable	1
fried rice dry	0
hand favorite italian restaurant	1
scream   legit   book    somethat s pretty rare vegas	1
fun experience	1
atmosphere great lovely duo violinist play song request	1
I personally love hummus   pita   baklava   falafel baba ganoush   s amazing eggplant   	1
convenient   stay mgm	1
owner super friendly staff courteous	1
great	1
eclectic selection	1
sweet potato tot good onion ring perfection close I	1
staff attentive	1
chef generous time   come twice picture  	1
owner use work nobu   place similar half price	1
google mediocre I imagine smashburger pop	0
I promise win t disappoint	1
sushi lover avoid place mean	0
great double cheeseburger	1
awesome service food	1
fantastic neighborhood gem    	1
I t wait	1
plantain bad I ve taste	0
s great place I highly recommend	1
service slow attentive	0
I 5 star   I m 5 star	1
staff spend time talk I	0
dessert   panna cotta amazing	1
good food   great atmosphere 1	1
damn good steak	1
total brunch fail	0
price reasonable   flavor spot   sauce home   slaw drench mayo	1
decor nice   piano music soundtrack pleasant	1
steak amazing    rge fillet relleno good seafood plate I	1
good food    good service  	1
absolutely amazing	1
I probably win t   honest	0
definitely	1
sergeant pepper beef sandwich auju sauce excellent sandwich	1
hawaiian breeze   mango magic   pineapple delight smoothie I ve try far good	1
lunch    service slow	0
place walk expect amazing   quickly disappoint	0
I mortify	0
needless  	0
anyways   food definitely fill   price pay expect	0
chip come dripping grease   edible	0
I wasn t impress strip steak	0
2007 meal awesome  	1
server nice attentive serve staff	1
cashier friendly bring food I	1
I work hospitality industry paradise valley refrain recommend cibo long	0
atmosphere fun	1
recommend	0
service quick     order like like	1
I mean   famous fish chip s terrible   	0
  mouth belly pleased	1
thing	0
2 thumb  	1
read don t	0
I love grill pizza   remind I legit italian pizza	1
pro    large seating area   nice bar area   great simple drink menu   good brick oven pizza homemade dough	1
nice atmosphere	1
tonight I elk filet special    suck	0
bite   I hook	1
order old classic new dish time sorely disappoint	0
cute   quaint   simple   honest	1
chicken deliciously season perfect fry outside moist chicken inside	1
food great   compliment chef	1
special thank dylan t   recommendation order     yummy tummy	1
awesome selection beer	1
great food awesome service	1
nice thing add gratuity bill party large 6 8   didn t expect tip	1
fly apple juice    fly        	0
han nan chicken tasty	1
service   I think good	1
food barely lukewarm   sit wait server bring	0
ryan s bar definitely edinburgh establishment I win t revisit	0
nice chinese restaurant I ve	1
overall   I like food service	1
serve indian naan bread hummus spicy pine nut sauce world	1
probably come   wouldn t recommend	0
friend s pasta     bad   barely touch	0
try airport experience tasty food speedy   friendly service	1
I love decor chinese calligraphy wall paper	1
complain	1
restaurant clean family restaurant feel	1
way fried	0
I m sure long stand long I begin feel awkwardly place	0
I open sandwich   I impressed   good way	0
warm feeling service I feel like guest special treat	1
extensive menu provide lot option breakfast	1
I order vegetarian menu dinner   wide array option choose	1
I watch price inflate   portion small management attitude grow rapidly	0
wonderful lil tapa ambience I feel warm fuzzy inside	1
I enjoy seafood salad   fabulous vinegrette	1
wonton thin   thick chewy   melt mouth	1
level 5 spicy perfect   spice didn t whelm soup	1
sit right time server fantastic	1
main thing I didn t enjoy crowd old crowd   mid 30	0
I m town   definitely spot I ll hit	1
I wait 30 minute drink long 2 arepa	0
great place eat	1
jalapeno bacon soooo good	1
service poor s nice	0
food good   service good   price good	1
place clean food oh stale	0
chicken dish ok   beef like shoe leather	0
service bad	0
I m happy    	1
taste like dirt	0
place phoenix I definately  	1
block amazing	1
s close house   s low key   non fancy   affordable price   good food	1
   hot    sour    egg flower soup absolutely 5 star	1
sashimi poor quality soggy tasteless	0
great time    family dinner sunday night	1
food tasty     real traditional hunan style  	0
bother I   slow service	0
flair bartender absolutely amazing	1
frozen margarita way sugary taste	0
good order twice	1
nutshell   1   restaraunt smell like combination dirty fish market sewer	0
girlfriend s veal bad	0
unfortunately   good	0
I pretty satifye experience	1
join club awesome offer email	1
perfect   I   like beer ice cold   case   cold	1
bland flavorless good way describe barely tepid meat	0
chain   I m fan   beat place easily	0
nachos	1
come	0
I don t word place   pretty	1
staff super nice quick crazy crowd downtown jury   lawyer   court staff	1
great atmosphere   friendly fast service	1
I receive pita huge lot meat thumb	1
food arrive s meh	0
pay   7 85 hot dog fry look like come kid s meal wienerschnitzel idea good meal	0
classic maine lobster roll fantastic	1
brother law work mall eat day   guess sick night	0
good I review place twice    hereas tribute place tribute event hold night	1
chip salsa good   salsa fresh	1
place great              	1
mediocre food	0
inside ll impress place	1
I m super pissd	0
service super friendly	1
sad little vegetable overcooked	0
place nice surprise	1
golden crispy delicious	1
I high hope place burger cook charcoal grill   unfortunately taste fall flat   way flat	0
I eat bruschetta day devine	1
single employee come ok need water refill finally serve food	0
lastly   mozzarella stick   good thing order	1
time I come I amazing experience   I tell people awesome duck	1
server negligent need feel unwelcome     I suggest place	0
service terrible	0
place overprice   consistent boba   overprice	0
pack  	0
I love place	1
I dessert yummy	1
food terrible	0
seasonal fruit fresh white peach puree	1
bad bad I m officially	0
place honestly blow	0
I definitely eat	0
waste money	0
I love food nice plastic container oppose cram little paper takeout box	1
cr pe delicate thin moist	1
awful service	0
won t	0
food quality horrible	0
price I think place I	0
service fair good	0
I love sushi   I find kabuki price   hip service	0
favor stay away dish	0
poor service	0
table think food average worth wait	0
good service food   maria server good friendly day	1
excellent	1
I pay bill tip I feel server terrible job	0
lunch great experience	1
I bland food surprise I consider article read focus spice flavor	0
food way overprice portion fuck small	0
I recently try caballero s I week	1
40 buck head   I expect food	0
food come good pace	1
I eat twice visit   especially enjoy salmon salad	1
I win t	0
believe dirty oyster	0
place deserve star	0
I recommend place	0
fact I m round 4 star   awesome	1
disbelief   dish qualified bad version food I taste	0
bad day   I low tolerance rude customer service people   job nice polite   wash dish  	0
potato great biscuit	1
I probably	0
flavorful perfect heat	1
price reasonable service great	1
wife hate meal   coconut shrimp    friend enjoy meal  	0
fella huevos ranchero didn t look appealing	0
happy hour   great list wine	1
buffet pricey I think pay place lot	1
I probably won t come	0
bad food service I ve	0
place pretty good   nice little vibe restaurant	1
talk great customer service course	1
hot dish hot   cold dish close room temp I watch staff prepare food bare hand   glove deep fry oil	0
I love fry bean	1
pleasure deal	1
plethora salad sandwich   I ve try seal approval	1
place awesome want light healthy summer	1
sushi strip   place	1
service great   manager come help table	1
feel dining room college cooking course high class dining service slow good	0
I start review star   I m edit	0
bad sushi I eat costco s	0
excellent restaurant highlight great service   unique menu   beautiful setting	1
boyfriend I sit bar completely delightful experience	1
weird vibe owner	0
hardly meat	0
I ve bagel grocery store	0
place gyros	1
I love owner chef   authentic japanese cool dude	1
burger aren t good   pizza use amazing doughy flavorless	0
I find inch long piece wire salsa	0
service terrible   food mediocre	0
definately enjoy	1
I order albondigas soup    warm    taste like tomato soup frozen meatball	0
different occasion I ask medium   time I bloody piece meat plate	0
I bite refuse eat anymore	0
service extremely slow	0
20 minute wait   I table	0
seriously killer hot chai latte	1
allergy warning menu   waitress absolutely clue meal contain peanut	0
boyfriend try mediterranean chicken salad fall love	1
rotate beer tap highlight place	1
pricing bit concern mellow mushroom	0
bad thai	0
stay vegas breakfast	1
I want server great perfect service	1
pizza selection good	1
I strawberry tea   good	1
highly unprofessional rude loyal patron	0
overall   great experience	1
spend money	0
regular toasted bread equally satisfying occasional pat butter     mmmm    	1
buffet bellagio far I anticipate	0
drink weak   people	0
  order correct	0
  I feel like chip buy   house	0
disappointing dinner dessert	0
chip sal amazing                   	1
win t return	0
new fav vegas buffet spot	1
I seriously believe owner unexperienced employee run like chicken head cut	0
  sad	0
I feel insult disrespect   talk judge human like	0
steakhouse t properly cook steak   I don t understand	0
I m impressed concept food	0
thing I wasn t crazy guacamole I don t like pur ed	0
I postinos   hope experience	0
I food poisoning buffet	0
bring fresh batch fry I think yay warm	0
hilarious   yummy christmas eve dinner remember big fail entire trip	0
needless   I won t anytime soon	0
place disgusting	0
time I eat   I caring teamwork professional degree	1
ri style calamari joke	0
  garlic fondue   barely edible	0
I barely stomach meal   didn t complain business lunch	0
bad   I lose heart finish	0
forever bring check ask	0
aren t scene restaurant I don t    definitely lose love	0
disappointing experience	0
food par denny s     good	0
want wait mediocre food downright terrible service   place	0
waaaaaayyyyyyyyyy rate I	0
won t	0
place fairly clean food simply wasn t worth	0
place lack style  	0
sangria half glass wine   12   ridiculous	0
don t bother come	0
meat pretty dry   I sliced brisket pull pork	0
building pretty neat   bathroom pretty trippy   I wouldn t eat	0
equally awful	0
probably hurry	0
slow seat reservation	0
good stretch imagination	0
cashew cream sauce bland vegetable undercooke	0
chipolte ranch dipping sause tasteless   thin water heat	0
bit sweet   spicy   lack flavor	0
I disappointed  	0
place horrible way overprice	0
maybe s vegetarian fare   I ve twice I think average good	0
wasn t busy know	0
table outside dirty lot time worker friendly helpful menu	0
ambiance feel like buffet set   douchey indoor garden tea biscuit	0
con   spotty service	0
fry hot   burger	0
come cold	0
food come   disappointment ensue	0
real disappointment waiter	0
husband rude     apologize bad food	0
reason eat fill night binge drink carb stomach	0
insult   profound deuchebaggery   outside smoke break serve solidify	0
order taco don t   think customer service ask combo ala cart	0
disappointed blame need place door	0
rave review I couldn t wait eat       disappointment	0
del taco pretty nasty avoid possible	0
s hard decent hamburger	0
I don t like	0
hell I	0
ve service pizza place door service receive restaurant	0
I don t know big deal place   I win t   ya  	0
I immediately I want talk manager I want talk guy shot fireball bar	0
ambiance isn t	0
unfortunately   set disapppointment entree	0
food wasn t good	0
server suck   wait   correction   server heimer suck	0
happen pretty    	0
bad cause I know s family   I want like place	0
overprice	0
I vomit bathroom mid lunch	0
I look time soon 35 minute   food	0
I place eat circumstance I return   list	0
start tuna sashimi brownish color obviously wasn t fresh	0
food average	0
sure beat nachos movie I expect little bit come restaurant	0
  ha long bay bit flop	0
problem I charge   11 99 sandwich big subway sub   offer vegetable  	0
shrimp   I unwrap   I live 1 2 mile brushfire   literally ice cold	0
lack flavor   undercooked   dry	0
impressive place hasn t close	0
I avoid place stay mirage	0
refrie bean come meal dry crusty food bland	0
spend money time place	0
lady table find live green caterpillar salad	0
presentation food awful	0
I t tell disappointed I	0
I think food flavor texture lack	0
appetite instantly	0
overall I impressed	0
experience underwhelme   I think ll ninja sushi time	0
  I hadn t waste life   pour salt wound draw time bring check	0
